<annotation>
	<folder>99_raw</folder>
	<filename>7ead8d3b471cbef7badf1502b8867148.jpg</filename>
	<path>C:\Users\adamw\AnacondaProjects\FIT5120\parking_data\images\99_raw\7ead8d3b471cbef7badf1502b8867148.jpg</path>
	<source>
		<database>Unknown</database>
	</source>
	<size>
		<width>1080</width>
		<height>1440</height>
		<depth>3</depth>
	</size>
	<segmented>0</segmented>
	<object>
		<name>2P</name>
		<pose>Unspecified</pose>
		<truncated>0</truncated>
		<difficult>0</difficult>
		<bndbox>
			<xmin>541</xmin>
			<ymin>409</ymin>
			<xmax>728</xmax>
			<ymax>769</ymax>
		</bndbox>
	</object>
	<object>
		<name>no_standing</name>
		<pose>Unspecified</pose>
		<truncated>0</truncated>
		<difficult>0</difficult>
		<bndbox>
			<xmin>352</xmin>
			<ymin>390</ymin>
			<xmax>545</xmax>
			<ymax>761</ymax>
		</bndbox>
	</object>
</annotation>
