<annotation>
	<folder>99_processed</folder>
	<filename>IMG_20190413_092954.jpg</filename>
	<path>C:\Users\adamw\AnacondaProjects\FIT5120\parking_data\images\99_processed\IMG_20190413_092954.jpg</path>
	<source>
		<database>Unknown</database>
	</source>
	<size>
		<width>240</width>
		<height>320</height>
		<depth>3</depth>
	</size>
	<segmented>0</segmented>
	<object>
		<name>1P</name>
		<pose>Unspecified</pose>
		<truncated>0</truncated>
		<difficult>0</difficult>
		<bndbox>
			<xmin>112</xmin>
			<ymin>152</ymin>
			<xmax>130</xmax>
			<ymax>191</ymax>
		</bndbox>
	</object>
	<object>
		<name>loading_zone</name>
		<pose>Unspecified</pose>
		<truncated>0</truncated>
		<difficult>0</difficult>
		<bndbox>
			<xmin>93</xmin>
			<ymin>153</ymin>
			<xmax>113</xmax>
			<ymax>191</ymax>
		</bndbox>
	</object>
</annotation>
