<annotation>
	<folder>99_processed</folder>
	<filename>IMG_20190413_093250.jpg</filename>
	<path>C:\Users\adamw\AnacondaProjects\FIT5120\parking_data\images\99_processed\IMG_20190413_093250.jpg</path>
	<source>
		<database>Unknown</database>
	</source>
	<size>
		<width>240</width>
		<height>320</height>
		<depth>3</depth>
	</size>
	<segmented>0</segmented>
	<object>
		<name>no_standing</name>
		<pose>Unspecified</pose>
		<truncated>0</truncated>
		<difficult>0</difficult>
		<bndbox>
			<xmin>130</xmin>
			<ymin>76</ymin>
			<xmax>156</xmax>
			<ymax>158</ymax>
		</bndbox>
	</object>
	<object>
		<name>1P</name>
		<pose>Unspecified</pose>
		<truncated>0</truncated>
		<difficult>0</difficult>
		<bndbox>
			<xmin>150</xmin>
			<ymin>84</ymin>
			<xmax>174</xmax>
			<ymax>159</ymax>
		</bndbox>
	</object>
</annotation>
