<annotation>
	<folder>99_processed</folder>
	<filename>IMG_20190413_093022.jpg</filename>
	<path>C:\Users\adamw\AnacondaProjects\FIT5120\parking_data\images\99_processed\IMG_20190413_093022.jpg</path>
	<source>
		<database>Unknown</database>
	</source>
	<size>
		<width>240</width>
		<height>320</height>
		<depth>3</depth>
	</size>
	<segmented>0</segmented>
	<object>
		<name>1P</name>
		<pose>Unspecified</pose>
		<truncated>0</truncated>
		<difficult>0</difficult>
		<bndbox>
			<xmin>170</xmin>
			<ymin>128</ymin>
			<xmax>206</xmax>
			<ymax>203</ymax>
		</bndbox>
	</object>
	<object>
		<name>no_standing</name>
		<pose>Unspecified</pose>
		<truncated>0</truncated>
		<difficult>0</difficult>
		<bndbox>
			<xmin>142</xmin>
			<ymin>132</ymin>
			<xmax>171</xmax>
			<ymax>207</ymax>
		</bndbox>
	</object>
</annotation>
