<annotation>
	<folder>99_processed</folder>
	<filename>IMG_20190412_190520.jpg</filename>
	<path>C:\Users\adamw\AnacondaProjects\FIT5120\parking_data\images\99_processed\IMG_20190412_190520.jpg</path>
	<source>
		<database>Unknown</database>
	</source>
	<size>
		<width>240</width>
		<height>320</height>
		<depth>3</depth>
	</size>
	<segmented>0</segmented>
	<object>
		<name>person</name>
		<pose>Unspecified</pose>
		<truncated>0</truncated>
		<difficult>0</difficult>
		<bndbox>
			<xmin>1813</xmin>
			<ymin>2492</ymin>
			<xmax>2166</xmax>
			<ymax>2682</ymax>
		</bndbox>
	</object>
	<object>
		<name>no_standing</name>
		<pose>Unspecified</pose>
		<truncated>0</truncated>
		<difficult>0</difficult>
		<bndbox>
			<xmin>54</xmin>
			<ymin>125</ymin>
			<xmax>67</xmax>
			<ymax>148</ymax>
		</bndbox>
	</object>
</annotation>
