<annotation>
	<folder>99_processed</folder>
	<filename>IMG_20190413_093150.jpg</filename>
	<path>C:\Users\adamw\AnacondaProjects\FIT5120\parking_data\images\99_processed\IMG_20190413_093150.jpg</path>
	<source>
		<database>Unknown</database>
	</source>
	<size>
		<width>240</width>
		<height>320</height>
		<depth>3</depth>
	</size>
	<segmented>0</segmented>
	<object>
		<name>no_standing</name>
		<pose>Unspecified</pose>
		<truncated>1</truncated>
		<difficult>0</difficult>
		<bndbox>
			<xmin>1</xmin>
			<ymin>27</ymin>
			<xmax>103</xmax>
			<ymax>297</ymax>
		</bndbox>
	</object>
	<object>
		<name>1P</name>
		<pose>Unspecified</pose>
		<truncated>0</truncated>
		<difficult>0</difficult>
		<bndbox>
			<xmin>99</xmin>
			<ymin>29</ymin>
			<xmax>222</xmax>
			<ymax>297</ymax>
		</bndbox>
	</object>
</annotation>
