<annotation>
	<folder>99_processed</folder>
	<filename>IMG_20190412_190632.jpg</filename>
	<path>C:\Users\adamw\AnacondaProjects\FIT5120\parking_data\images\99_processed\IMG_20190412_190632.jpg</path>
	<source>
		<database>Unknown</database>
	</source>
	<size>
		<width>240</width>
		<height>320</height>
		<depth>3</depth>
	</size>
	<segmented>0</segmented>
	<object>
		<name>2P_disabled</name>
		<pose>Unspecified</pose>
		<truncated>0</truncated>
		<difficult>0</difficult>
		<bndbox>
			<xmin>128</xmin>
			<ymin>165</ymin>
			<xmax>137</xmax>
			<ymax>184</ymax>
		</bndbox>
	</object>
</annotation>
