<annotation>
	<folder>99_processed</folder>
	<filename>IMG_20190413_093020.jpg</filename>
	<path>C:\Users\adamw\AnacondaProjects\FIT5120\parking_data\images\99_processed\IMG_20190413_093020.jpg</path>
	<source>
		<database>Unknown</database>
	</source>
	<size>
		<width>240</width>
		<height>320</height>
		<depth>3</depth>
	</size>
	<segmented>0</segmented>
	<object>
		<name>1P</name>
		<pose>Unspecified</pose>
		<truncated>0</truncated>
		<difficult>0</difficult>
		<bndbox>
			<xmin>87</xmin>
			<ymin>110</ymin>
			<xmax>122</xmax>
			<ymax>186</ymax>
		</bndbox>
	</object>
	<object>
		<name>no_standing</name>
		<pose>Unspecified</pose>
		<truncated>0</truncated>
		<difficult>0</difficult>
		<bndbox>
			<xmin>56</xmin>
			<ymin>113</ymin>
			<xmax>87</xmax>
			<ymax>188</ymax>
		</bndbox>
	</object>
</annotation>
