<annotation>
	<folder>99_processed</folder>
	<filename>IMG_20190412_190626.jpg</filename>
	<path>C:\Users\adamw\AnacondaProjects\FIT5120\parking_data\images\99_processed\IMG_20190412_190626.jpg</path>
	<source>
		<database>Unknown</database>
	</source>
	<size>
		<width>240</width>
		<height>320</height>
		<depth>3</depth>
	</size>
	<segmented>0</segmented>
	<object>
		<name>2p_disabled</name>
		<pose>Unspecified</pose>
		<truncated>0</truncated>
		<difficult>0</difficult>
		<bndbox>
			<xmin>2508</xmin>
			<ymin>1488</ymin>
			<xmax>2764</xmax>
			<ymax>1624</ymax>
		</bndbox>
	</object>
	<object>
		<name>2P_disabled</name>
		<pose>Unspecified</pose>
		<truncated>0</truncated>
		<difficult>0</difficult>
		<bndbox>
			<xmin>128</xmin>
			<ymin>172</ymin>
			<xmax>137</xmax>
			<ymax>190</ymax>
		</bndbox>
	</object>
</annotation>
